GeneSymbol,EntrezID,logFC,CI,AveExpr,PValue,adjPVal,StudyName,BrainRegion,Contrast,StratFactor
APOE,348,-0.009,-0.334 to 0.316,10.071,9.5471e-01,9.9993e-01,MSBB,Amygdala,AD-NCI,CpDxAll
APOE,348,-0.04,-0.346 to 0.267,10.073,7.9651e-01,9.9993e-01,MSBB,Amygdala,C3-C0,CERAD
APOE,348,-0.308,-0.593 to -0.023,10.071,3.4745e-02,4.4289e-01,MSBB,Amygdala,B3-B2,Braak
APOE,348,-0.16,-0.556 to 0.236,10.073,4.2039e-01,9.9998e-01,MSBB,Amygdala,C1-C0,CERAD
APOE,348,0.088,-0.202 to 0.377,10.071,5.4544e-01,9.9979e-01,MSBB,Amygdala,B2-B1,Braak
APOE,348,-0.153,-0.491 to 0.184,10.071,3.6620e-01,9.9987e-01,MSBB,Amygdala,AD-DNAD,CpDxAll
APOE,348,0.144,-0.255 to 0.543,10.071,4.7185e-01,9.7160e-01,MSBB,Amygdala,DNAD-NCI,CpDxAll
APOE,348,-0.026,-0.28 to 0.227,10.073,8.3630e-01,9.9162e-01,MSBB,Amygdala,AD-NCI,CDR
APOE,348,-0.169,-0.525 to 0.186,10.005,3.3981e-01,9.1107e-01,MSBB,Amygdala,AD-NCI,CpDxLow
APOE,348,-0.059,-0.394 to 0.276,10.073,7.2508e-01,9.9992e-01,MSBB,Amygdala,C2-C0,CERAD
APOE,348,0.143,-0.305 to 0.592,10.071,5.2384e-01,9.9997e-01,MSBB,Amygdala,PC-NCI,CpDxAll
APOE,348,-0.22,-0.51 to 0.069,10.071,1.3305e-01,9.9867e-01,MSBB,Amygdala,B3-B1,Braak
APOE,348,-0.3,-1.188 to 0.589,10.005,4.9833e-01,9.9992e-01,MSBB,Amygdala,AD-PC,CpDxLow
APOE,348,-0.153,-0.547 to 0.242,10.071,4.4128e-01,9.5808e-01,MSBB,Amygdala,AD-PC,CpDxAll
APOE,348,-0.314,-0.68 to 0.053,10.005,9.1339e-02,9.9559e-01,MSBB,Amygdala,AD-DNAD,CpDxLow
APOE,348,0.13,-0.77 to 1.03,10.005,7.7106e-01,9.9994e-01,MSBB,Amygdala,PC-NCI,CpDxLow
APOE,348,0.144,-0.25 to 0.538,10.005,4.6323e-01,9.4582e-01,MSBB,Amygdala,DNAD-NCI,CpDxLow
APP,351,-0.26,-0.598 to 0.077,5.874,1.2720e-01,9.9979e-01,MSBB,Amygdala,B2-B1,Braak
APP,351,-0.145,-0.581 to 0.292,9.574,5.0944e-01,9.9979e-01,MSBB,Amygdala,B2-B1,Braak
APP,351,-0.013,-0.152 to 0.125,11.032,8.5000e-01,9.9979e-01,MSBB,Amygdala,B2-B1,Braak
APP,351,-0.137,-0.275 to 0.002,11.032,5.2710e-02,9.9867e-01,MSBB,Amygdala,B3-B1,Braak
APP,351,-0.324,-0.76 to 0.112,9.574,1.4240e-01,9.9867e-01,MSBB,Amygdala,B3-B1,Braak
APP,351,-0.032,-0.369 to 0.306,5.874,8.5171e-01,9.9867e-01,MSBB,Amygdala,B3-B1,Braak
APP,351,-0.124,-0.26 to 0.013,11.032,7.4488e-02,5.4795e-01,MSBB,Amygdala,B3-B2,Braak
APP,351,0.229,-0.103 to 0.561,5.874,1.7251e-01,6.8122e-01,MSBB,Amygdala,B3-B2,Braak
APP,351,-0.179,-0.609 to 0.25,9.574,4.0596e-01,8.3774e-01,MSBB,Amygdala,B3-B2,Braak
APP,351,-0.112,-0.23 to 0.006,11.029,6.2120e-02,8.2090e-01,MSBB,Amygdala,AD-NCI,CDR
APP,351,0.061,-0.228 to 0.35,5.872,6.7372e-01,9.7797e-01,MSBB,Amygdala,AD-NCI,CDR
APP,351,-0.012,-0.385 to 0.36,9.575,9.4702e-01,9.9790e-01,MSBB,Amygdala,AD-NCI,CDR
APP,351,-0.337,-0.78 to 0.106,5.872,1.3275e-01,9.9998e-01,MSBB,Amygdala,C1-C0,CERAD
APP,351,0.22,-0.351 to 0.792,9.575,4.4250e-01,9.9998e-01,MSBB,Amygdala,C1-C0,CERAD
APP,351,0.039,-0.152 to 0.229,11.029,6.8438e-01,9.9998e-01,MSBB,Amygdala,C1-C0,CERAD
APP,351,-0.124,-0.499 to 0.251,5.872,5.0984e-01,9.9992e-01,MSBB,Amygdala,C2-C0,CERAD
APP,351,0.032,-0.129 to 0.193,11.029,6.9103e-01,9.9992e-01,MSBB,Amygdala,C2-C0,CERAD
APP,351,0.004,-0.479 to 0.487,9.575,9.8659e-01,9.9992e-01,MSBB,Amygdala,C2-C0,CERAD
APP,351,0.309,-0.134 to 0.751,9.575,1.6744e-01,9.9993e-01,MSBB,Amygdala,C3-C0,CERAD
APP,351,-0.023,-0.171 to 0.124,11.029,7.5157e-01,9.9993e-01,MSBB,Amygdala,C3-C0,CERAD
APP,351,0.006,-0.337 to 0.349,5.872,9.7263e-01,9.9993e-01,MSBB,Amygdala,C3-C0,CERAD
APP,351,-0.282,-0.662 to 0.098,5.874,1.4286e-01,9.9987e-01,MSBB,Amygdala,AD-DNAD,CpDxAll
APP,351,0.081,-0.413 to 0.576,9.574,7.4249e-01,9.9987e-01,MSBB,Amygdala,AD-DNAD,CpDxAll
APP,351,-0.001,-0.155 to 0.154,11.032,9.9264e-01,9.9987e-01,MSBB,Amygdala,AD-DNAD,CpDxAll
APP,351,-0.177,-0.326 to -0.028,11.032,2.0596e-02,9.9993e-01,MSBB,Amygdala,AD-NCI,CpDxAll
APP,351,-0.145,-0.621 to 0.331,9.574,5.4325e-01,9.9993e-01,MSBB,Amygdala,AD-NCI,CpDxAll
APP,351,-0.087,-0.453 to 0.278,5.874,6.3328e-01,9.9993e-01,MSBB,Amygdala,AD-NCI,CpDxAll
APP,351,0.271,-0.307 to 0.849,9.574,3.5120e-01,9.4788e-01,MSBB,Amygdala,AD-PC,CpDxAll
APP,351,-0.046,-0.227 to 0.134,11.032,6.0938e-01,9.7376e-01,MSBB,Amygdala,AD-PC,CpDxAll
APP,351,0.102,-0.343 to 0.546,5.874,6.4844e-01,9.7676e-01,MSBB,Amygdala,AD-PC,CpDxAll
APP,351,-0.176,-0.359 to 0.006,11.032,5.8172e-02,9.1004e-01,MSBB,Amygdala,DNAD-NCI,CpDxAll
APP,351,0.194,-0.255 to 0.643,5.874,3.8943e-01,9.6531e-01,MSBB,Amygdala,DNAD-NCI,CpDxAll
APP,351,-0.226,-0.811 to 0.358,9.574,4.4023e-01,9.6822e-01,MSBB,Amygdala,DNAD-NCI,CpDxAll
APP,351,-0.131,-0.336 to 0.075,11.032,2.0688e-01,9.9997e-01,MSBB,Amygdala,PC-NCI,CpDxAll
APP,351,-0.416,-1.073 to 0.241,9.574,2.0921e-01,9.9997e-01,MSBB,Amygdala,PC-NCI,CpDxAll
APP,351,-0.189,-0.694 to 0.316,5.874,4.5577e-01,9.9997e-01,MSBB,Amygdala,PC-NCI,CpDxAll
APP,351,-0.169,-0.606 to 0.268,5.966,4.3747e-01,9.9611e-01,MSBB,Amygdala,AD-DNAD,CpDxLow
APP,351,-0.056,-0.224 to 0.111,11.013,4.9731e-01,9.9652e-01,MSBB,Amygdala,AD-DNAD,CpDxLow
APP,351,-0.051,-0.61 to 0.509,9.531,8.5477e-01,9.9797e-01,MSBB,Amygdala,AD-DNAD,CpDxLow
APP,351,-0.233,-0.395 to -0.071,11.013,6.0836e-03,6.1574e-01,MSBB,Amygdala,AD-NCI,CpDxLow
APP,351,-0.277,-0.819 to 0.265,9.531,3.0653e-01,9.0330e-01,MSBB,Amygdala,AD-NCI,CpDxLow
APP,351,0.025,-0.398 to 0.448,5.966,9.0489e-01,9.9531e-01,MSBB,Amygdala,AD-NCI,CpDxLow
APP,351,0.8,-0.555 to 2.156,9.531,2.3882e-01,9.9992e-01,MSBB,Amygdala,AD-PC,CpDxLow
APP,351,0.208,-0.197 to 0.613,11.013,3.0448e-01,9.9992e-01,MSBB,Amygdala,AD-PC,CpDxLow
APP,351,0.068,-0.99 to 1.126,5.966,8.9712e-01,9.9992e-01,MSBB,Amygdala,AD-PC,CpDxLow
APP,351,-0.176,-0.356 to 0.003,11.013,5.4281e-02,8.8001e-01,MSBB,Amygdala,DNAD-NCI,CpDxLow
APP,351,0.194,-0.276 to 0.664,5.966,4.0724e-01,9.3808e-01,MSBB,Amygdala,DNAD-NCI,CpDxLow
APP,351,-0.226,-0.828 to 0.375,9.531,4.5026e-01,9.4462e-01,MSBB,Amygdala,DNAD-NCI,CpDxLow
APP,351,-0.441,-0.851 to -0.03,11.013,3.5967e-02,9.9994e-01,MSBB,Amygdala,PC-NCI,CpDxLow
APP,351,-1.078,-2.451 to 0.296,9.531,1.2022e-01,9.9994e-01,MSBB,Amygdala,PC-NCI,CpDxLow
APP,351,-0.043,-1.115 to 1.03,5.966,9.3588e-01,9.9994e-01,MSBB,Amygdala,PC-NCI,CpDxLow
BIN1,274,-0.14,-0.452 to 0.173,8.384,3.7469e-01,9.9979e-01,MSBB,Amygdala,B2-B1,Braak
BIN1,274,-0.077,-0.366 to 0.212,8.43,5.9413e-01,9.9979e-01,MSBB,Amygdala,B2-B1,Braak
BIN1,274,-0.055,-0.278 to 0.169,4.874,6.2698e-01,9.9979e-01,MSBB,Amygdala,B2-B1,Braak
BIN1,274,-0.049,-0.295 to 0.198,8.098,6.9384e-01,9.9979e-01,MSBB,Amygdala,B2-B1,Braak
BIN1,274,-0.041,-0.272 to 0.191,8.561,7.2652e-01,9.9979e-01,MSBB,Amygdala,B2-B1,Braak
BIN1,274,-0.082,-0.371 to 0.207,8.43,5.7323e-01,9.9867e-01,MSBB,Amygdala,B3-B1,Braak
BIN1,274,-0.081,-0.394 to 0.232,8.384,6.0525e-01,9.9867e-01,MSBB,Amygdala,B3-B1,Braak
BIN1,274,-0.049,-0.273 to 0.174,4.874,6.6034e-01,9.9867e-01,MSBB,Amygdala,B3-B1,Braak
BIN1,274,-0.054,-0.301 to 0.192,8.098,6.6074e-01,9.9867e-01,MSBB,Amygdala,B3-B1,Braak
BIN1,274,-0.014,-0.245 to 0.217,8.561,9.0548e-01,9.9867e-01,MSBB,Amygdala,B3-B1,Braak
BIN1,274,0.059,-0.249 to 0.367,8.384,7.0463e-01,9.4378e-01,MSBB,Amygdala,B3-B2,Braak
BIN1,274,0.027,-0.201 to 0.254,8.561,8.1442e-01,9.6833e-01,MSBB,Amygdala,B3-B2,Braak
BIN1,274,0.005,-0.215 to 0.226,4.874,9.6218e-01,9.9543e-01,MSBB,Amygdala,B3-B2,Braak
BIN1,274,-0.006,-0.248 to 0.237,8.098,9.6326e-01,9.9543e-01,MSBB,Amygdala,B3-B2,Braak
BIN1,274,-0.004,-0.289 to 0.28,8.43,9.7523e-01,9.9728e-01,MSBB,Amygdala,B3-B2,Braak
BIN1,274,-0.249,-0.506 to 0.007,8.391,5.6497e-02,8.1647e-01,MSBB,Amygdala,AD-NCI,CDR
BIN1,274,-0.194,-0.433 to 0.045,8.437,1.0926e-01,8.3959e-01,MSBB,Amygdala,AD-NCI,CDR
BIN1,274,-0.131,-0.315 to 0.053,4.874,1.5994e-01,8.6734e-01,MSBB,Amygdala,AD-NCI,CDR
BIN1,274,-0.133,-0.325 to 0.059,8.567,1.7122e-01,8.7341e-01,MSBB,Amygdala,AD-NCI,CDR
BIN1,274,-0.141,-0.347 to 0.066,8.107,1.7751e-01,8.7426e-01,MSBB,Amygdala,AD-NCI,CDR
BIN1,274,-0.132,-0.422 to 0.158,4.874,3.6654e-01,9.9998e-01,MSBB,Amygdala,C1-C0,CERAD
BIN1,274,-0.156,-0.536 to 0.225,8.437,4.1519e-01,9.9998e-01,MSBB,Amygdala,C1-C0,CERAD
BIN1,274,-0.099,-0.426 to 0.229,8.107,5.4800e-01,9.9998e-01,MSBB,Amygdala,C1-C0,CERAD
BIN1,274,-0.104,-0.519 to 0.31,8.391,6.1611e-01,9.9998e-01,MSBB,Amygdala,C1-C0,CERAD
BIN1,274,-0.047,-0.353 to 0.258,8.567,7.5630e-01,9.9998e-01,MSBB,Amygdala,C1-C0,CERAD
BIN1,274,-0.1,-0.451 to 0.251,8.391,5.7074e-01,9.9992e-01,MSBB,Amygdala,C2-C0,CERAD
BIN1,274,0.014,-0.232 to 0.259,4.874,9.1217e-01,9.9992e-01,MSBB,Amygdala,C2-C0,CERAD
BIN1,274,-0.014,-0.272 to 0.245,8.567,9.1478e-01,9.9992e-01,MSBB,Amygdala,C2-C0,CERAD
BIN1,274,-0.01,-0.287 to 0.267,8.107,9.4259e-01,9.9992e-01,MSBB,Amygdala,C2-C0,CERAD
BIN1,274,0.002,-0.32 to 0.323,8.437,9.9184e-01,9.9992e-01,MSBB,Amygdala,C2-C0,CERAD
BIN1,274,-0.096,-0.321 to 0.129,4.874,3.9579e-01,9.9993e-01,MSBB,Amygdala,C3-C0,CERAD
BIN1,274,-0.11,-0.405 to 0.184,8.437,4.5508e-01,9.9993e-01,MSBB,Amygdala,C3-C0,CERAD
BIN1,274,-0.089,-0.343 to 0.164,8.107,4.8188e-01,9.9993e-01,MSBB,Amygdala,C3-C0,CERAD
BIN1,274,-0.104,-0.424 to 0.217,8.391,5.2041e-01,9.9993e-01,MSBB,Amygdala,C3-C0,CERAD
BIN1,274,-0.074,-0.31 to 0.162,8.567,5.3261e-01,9.9993e-01,MSBB,Amygdala,C3-C0,CERAD
BIN1,274,-0.073,-0.318 to 0.172,4.874,5.5155e-01,9.9987e-01,MSBB,Amygdala,AD-DNAD,CpDxAll
BIN1,274,-0.075,-0.393 to 0.243,8.43,6.3825e-01,9.9987e-01,MSBB,Amygdala,AD-DNAD,CpDxAll
BIN1,274,-0.033,-0.306 to 0.24,8.098,8.0845e-01,9.9987e-01,MSBB,Amygdala,AD-DNAD,CpDxAll
BIN1,274,-0.02,-0.358 to 0.318,8.384,9.0647e-01,9.9987e-01,MSBB,Amygdala,AD-DNAD,CpDxAll
BIN1,274,-0.011,-0.267 to 0.245,8.561,9.3197e-01,9.9987e-01,MSBB,Amygdala,AD-DNAD,CpDxAll
BIN1,274,-0.364,-0.69 to -0.038,8.384,2.9218e-02,9.9993e-01,MSBB,Amygdala,AD-NCI,CpDxAll
BIN1,274,-0.217,-0.452 to 0.019,4.874,7.0977e-02,9.9993e-01,MSBB,Amygdala,AD-NCI,CpDxAll
BIN1,274,-0.264,-0.57 to 0.043,8.43,8.9982e-02,9.9993e-01,MSBB,Amygdala,AD-NCI,CpDxAll
BIN1,274,-0.176,-0.422 to 0.071,8.561,1.5868e-01,9.9993e-01,MSBB,Amygdala,AD-NCI,CpDxAll
BIN1,274,-0.187,-0.45 to 0.076,8.098,1.5916e-01,9.9993e-01,MSBB,Amygdala,AD-NCI,CpDxAll
BIN1,274,-0.089,-0.462 to 0.283,8.43,6.3172e-01,9.7563e-01,MSBB,Amygdala,AD-PC,CpDxAll
BIN1,274,-0.05,-0.336 to 0.237,4.874,7.2797e-01,9.8307e-01,MSBB,Amygdala,AD-PC,CpDxAll
BIN1,274,-0.033,-0.333 to 0.266,8.561,8.2407e-01,9.9161e-01,MSBB,Amygdala,AD-PC,CpDxAll
BIN1,274,-0.04,-0.435 to 0.356,8.384,8.4167e-01,9.9224e-01,MSBB,Amygdala,AD-PC,CpDxAll
BIN1,274,-0.027,-0.347 to 0.293,8.098,8.6631e-01,9.9301e-01,MSBB,Amygdala,AD-PC,CpDxAll
BIN1,274,-0.344,-0.744 to 0.056,8.384,9.0210e-02,9.3747e-01,MSBB,Amygdala,DNAD-NCI,CpDxAll
BIN1,274,-0.165,-0.467 to 0.138,8.561,2.7985e-01,9.5583e-01,MSBB,Amygdala,DNAD-NCI,CpDxAll
BIN1,274,-0.189,-0.565 to 0.187,8.43,3.1864e-01,9.6187e-01,MSBB,Amygdala,DNAD-NCI,CpDxAll
BIN1,274,-0.143,-0.433 to 0.146,4.874,3.2473e-01,9.6228e-01,MSBB,Amygdala,DNAD-NCI,CpDxAll
BIN1,274,-0.154,-0.477 to 0.169,8.098,3.4295e-01,9.6309e-01,MSBB,Amygdala,DNAD-NCI,CpDxAll
BIN1,274,-0.324,-0.774 to 0.125,8.384,1.5354e-01,9.9997e-01,MSBB,Amygdala,PC-NCI,CpDxAll
BIN1,274,-0.167,-0.492 to 0.159,4.874,3.0875e-01,9.9997e-01,MSBB,Amygdala,PC-NCI,CpDxAll
BIN1,274,-0.16,-0.523 to 0.203,8.098,3.7966e-01,9.9997e-01,MSBB,Amygdala,PC-NCI,CpDxAll
BIN1,274,-0.142,-0.482 to 0.198,8.561,4.0501e-01,9.9997e-01,MSBB,Amygdala,PC-NCI,CpDxAll
BIN1,274,-0.174,-0.597 to 0.248,8.43,4.1176e-01,9.9997e-01,MSBB,Amygdala,PC-NCI,CpDxAll
BIN1,274,0.044,-0.352 to 0.44,8.435,8.2410e-01,9.9797e-01,MSBB,Amygdala,AD-DNAD,CpDxLow
BIN1,274,-0.041,-0.417 to 0.334,8.462,8.2456e-01,9.9797e-01,MSBB,Amygdala,AD-DNAD,CpDxLow
BIN1,274,0.022,-0.274 to 0.319,8.585,8.7908e-01,9.9797e-01,MSBB,Amygdala,AD-DNAD,CpDxLow
BIN1,274,-0.02,-0.315 to 0.275,4.909,8.8998e-01,9.9797e-01,MSBB,Amygdala,AD-DNAD,CpDxLow
BIN1,274,-0.013,-0.337 to 0.312,8.122,9.3719e-01,9.9838e-01,MSBB,Amygdala,AD-DNAD,CpDxLow
BIN1,274,-0.3,-0.684 to 0.083,8.435,1.2124e-01,8.1487e-01,MSBB,Amygdala,AD-NCI,CpDxLow
BIN1,274,-0.23,-0.594 to 0.134,8.462,2.0821e-01,8.6947e-01,MSBB,Amygdala,AD-NCI,CpDxLow
BIN1,274,-0.164,-0.45 to 0.122,4.909,2.5324e-01,8.8873e-01,MSBB,Amygdala,AD-NCI,CpDxLow
BIN1,274,-0.167,-0.481 to 0.147,8.122,2.8894e-01,9.0054e-01,MSBB,Amygdala,AD-NCI,CpDxLow
BIN1,274,-0.142,-0.43 to 0.145,8.585,3.2240e-01,9.0682e-01,MSBB,Amygdala,AD-NCI,CpDxLow
BIN1,274,0.29,-0.425 to 1.005,4.909,4.1646e-01,9.9992e-01,MSBB,Amygdala,AD-PC,CpDxLow
BIN1,274,0.27,-0.69 to 1.229,8.435,5.7190e-01,9.9992e-01,MSBB,Amygdala,AD-PC,CpDxLow
BIN1,274,0.143,-0.576 to 0.862,8.585,6.8856e-01,9.9992e-01,MSBB,Amygdala,AD-PC,CpDxLow
BIN1,274,0.09,-0.821 to 1.001,8.462,8.4233e-01,9.9992e-01,MSBB,Amygdala,AD-PC,CpDxLow
BIN1,274,0.064,-0.722 to 0.849,8.122,8.6983e-01,9.9992e-01,MSBB,Amygdala,AD-PC,CpDxLow
BIN1,274,-0.344,-0.77 to 0.082,8.435,1.1006e-01,8.9192e-01,MSBB,Amygdala,DNAD-NCI,CpDxLow
BIN1,274,-0.165,-0.484 to 0.154,8.585,3.0227e-01,9.2595e-01,MSBB,Amygdala,DNAD-NCI,CpDxLow
BIN1,274,-0.189,-0.593 to 0.215,8.462,3.4986e-01,9.3199e-01,MSBB,Amygdala,DNAD-NCI,CpDxLow
BIN1,274,-0.143,-0.461 to 0.174,4.909,3.6536e-01,9.3268e-01,MSBB,Amygdala,DNAD-NCI,CpDxLow
BIN1,274,-0.154,-0.503 to 0.195,8.122,3.7613e-01,9.3410e-01,MSBB,Amygdala,DNAD-NCI,CpDxLow
BIN1,274,-0.454,-1.178 to 0.271,4.909,2.1235e-01,9.9994e-01,MSBB,Amygdala,PC-NCI,CpDxLow
BIN1,274,-0.57,-1.543 to 0.402,8.435,2.4201e-01,9.9994e-01,MSBB,Amygdala,PC-NCI,CpDxLow
BIN1,274,-0.285,-1.014 to 0.443,8.585,4.3191e-01,9.9994e-01,MSBB,Amygdala,PC-NCI,CpDxLow
BIN1,274,-0.32,-1.243 to 0.603,8.462,4.8618e-01,9.9994e-01,MSBB,Amygdala,PC-NCI,CpDxLow
BIN1,274,-0.231,-1.026 to 0.565,8.122,5.6033e-01,9.9994e-01,MSBB,Amygdala,PC-NCI,CpDxLow
MAPT,4137,-0.208,-0.491 to 0.075,8.113,1.4672e-01,9.9979e-01,MSBB,Amygdala,B2-B1,Braak
MAPT,4137,-0.343,-0.965 to 0.279,7.484,2.7355e-01,9.9979e-01,MSBB,Amygdala,B2-B1,Braak
MAPT,4137,-0.196,-0.556 to 0.163,6.883,2.7799e-01,9.9979e-01,MSBB,Amygdala,B2-B1,Braak
MAPT,4137,-0.088,-0.276 to 0.1,10.147,3.5353e-01,9.9979e-01,MSBB,Amygdala,B2-B1,Braak
MAPT,4137,-0.19,-0.638 to 0.257,7.675,3.9707e-01,9.9979e-01,MSBB,Amygdala,B2-B1,Braak
MAPT,4137,0.032,-0.127 to 0.19,2.383,6.9090e-01,9.9979e-01,MSBB,Amygdala,B2-B1,Braak
MAPT,4137,-0.312,-0.671 to 0.047,6.883,8.7215e-02,9.9867e-01,MSBB,Amygdala,B3-B1,Braak
MAPT,4137,-0.251,-0.535 to 0.032,8.113,8.1012e-02,9.9867e-01,MSBB,Amygdala,B3-B1,Braak
MAPT,4137,-0.318,-0.941 to 0.304,7.484,3.0938e-01,9.9867e-01,MSBB,Amygdala,B3-B1,Braak
MAPT,4137,-0.201,-0.648 to 0.246,7.675,3.7172e-01,9.9867e-01,MSBB,Amygdala,B3-B1,Braak
MAPT,4137,0.063,-0.095 to 0.221,2.383,4.2853e-01,9.9867e-01,MSBB,Amygdala,B3-B1,Braak
MAPT,4137,-0.065,-0.253 to 0.123,10.147,4.9278e-01,9.9867e-01,MSBB,Amygdala,B3-B1,Braak
MAPT,4137,-0.116,-0.47 to 0.238,6.883,5.1430e-01,8.8101e-01,MSBB,Amygdala,B3-B2,Braak
MAPT,4137,0.031,-0.124 to 0.187,2.383,6.8769e-01,9.3831e-01,MSBB,Amygdala,B3-B2,Braak
MAPT,4137,-0.043,-0.322 to 0.236,8.113,7.5719e-01,9.5599e-01,MSBB,Amygdala,B3-B2,Braak
MAPT,4137,0.023,-0.162 to 0.208,10.147,8.0423e-01,9.6650e-01,MSBB,Amygdala,B3-B2,Braak
MAPT,4137,0.025,-0.588 to 0.638,7.484,9.3553e-01,9.9182e-01,MSBB,Amygdala,B3-B2,Braak
MAPT,4137,-0.011,-0.451 to 0.43,7.675,9.6201e-01,9.9543e-01,MSBB,Amygdala,B3-B2,Braak
MAPT,4137,-0.556,-1.063 to -0.048,7.493,3.2463e-02,8.0444e-01,MSBB,Amygdala,AD-NCI,CDR
MAPT,4137,-0.345,-0.712 to 0.021,7.681,6.4323e-02,8.2635e-01,MSBB,Amygdala,AD-NCI,CDR
MAPT,4137,-0.198,-0.505 to 0.11,6.893,2.0279e-01,8.8502e-01,MSBB,Amygdala,AD-NCI,CDR
MAPT,4137,0.053,-0.079 to 0.186,2.382,4.2297e-01,9.4382e-01,MSBB,Amygdala,AD-NCI,CDR
MAPT,4137,-0.032,-0.192 to 0.128,10.152,6.8700e-01,9.7905e-01,MSBB,Amygdala,AD-NCI,CDR
MAPT,4137,-0.025,-0.274 to 0.225,8.125,8.4321e-01,9.9163e-01,MSBB,Amygdala,AD-NCI,CDR
MAPT,4137,-0.199,-0.426 to 0.027,10.152,8.3601e-02,9.9998e-01,MSBB,Amygdala,C1-C0,CERAD
MAPT,4137,-0.338,-0.924 to 0.248,7.681,2.5252e-01,9.9998e-01,MSBB,Amygdala,C1-C0,CERAD
MAPT,4137,-0.424,-1.241 to 0.393,7.493,3.0230e-01,9.9998e-01,MSBB,Amygdala,C1-C0,CERAD
MAPT,4137,-0.182,-0.643 to 0.278,6.893,4.3029e-01,9.9998e-01,MSBB,Amygdala,C1-C0,CERAD
MAPT,4137,-0.146,-0.521 to 0.23,8.125,4.3997e-01,9.9998e-01,MSBB,Amygdala,C1-C0,CERAD
MAPT,4137,0.021,-0.182 to 0.224,2.382,8.3556e-01,9.9998e-01,MSBB,Amygdala,C1-C0,CERAD
MAPT,4137,0.191,-0.127 to 0.509,8.125,2.3349e-01,9.9992e-01,MSBB,Amygdala,C2-C0,CERAD
MAPT,4137,-0.41,-1.101 to 0.282,7.493,2.3990e-01,9.9992e-01,MSBB,Amygdala,C2-C0,CERAD
MAPT,4137,0.102,-0.089 to 0.294,10.152,2.8896e-01,9.9992e-01,MSBB,Amygdala,C2-C0,CERAD
MAPT,4137,-0.217,-0.713 to 0.279,7.681,3.8371e-01,9.9992e-01,MSBB,Amygdala,C2-C0,CERAD
MAPT,4137,0.088,-0.302 to 0.478,6.893,6.5262e-01,9.9992e-01,MSBB,Amygdala,C2-C0,CERAD
MAPT,4137,-0.002,-0.174 to 0.17,2.382,9.8153e-01,9.9992e-01,MSBB,Amygdala,C2-C0,CERAD
MAPT,4137,-0.18,-0.356 to -0.005,10.152,4.4163e-02,9.9993e-01,MSBB,Amygdala,C3-C0,CERAD
MAPT,4137,-0.363,-0.719 to -0.006,6.893,4.6202e-02,9.9993e-01,MSBB,Amygdala,C3-C0,CERAD
MAPT,4137,-0.111,-0.268 to 0.046,2.382,1.6192e-01,9.9993e-01,MSBB,Amygdala,C3-C0,CERAD
MAPT,4137,-0.319,-0.951 to 0.314,7.493,3.1683e-01,9.9993e-01,MSBB,Amygdala,C3-C0,CERAD
MAPT,4137,-0.186,-0.64 to 0.267,7.681,4.1321e-01,9.9993e-01,MSBB,Amygdala,C3-C0,CERAD
MAPT,4137,-0.115,-0.405 to 0.176,8.125,4.3226e-01,9.9993e-01,MSBB,Amygdala,C3-C0,CERAD
MAPT,4137,0.186,-0.478 to 0.851,7.484,5.7633e-01,9.9987e-01,MSBB,Amygdala,AD-DNAD,CpDxAll
MAPT,4137,0.03,-0.145 to 0.206,2.383,7.2843e-01,9.9987e-01,MSBB,Amygdala,AD-DNAD,CpDxAll
MAPT,4137,0.068,-0.416 to 0.552,7.675,7.7933e-01,9.9987e-01,MSBB,Amygdala,AD-DNAD,CpDxAll
MAPT,4137,-0.054,-0.461 to 0.353,6.883,7.9226e-01,9.9987e-01,MSBB,Amygdala,AD-DNAD,CpDxAll
MAPT,4137,0.02,-0.192 to 0.232,10.147,8.4889e-01,9.9987e-01,MSBB,Amygdala,AD-DNAD,CpDxAll
MAPT,4137,-0.023,-0.349 to 0.304,8.113,8.9032e-01,9.9987e-01,MSBB,Amygdala,AD-DNAD,CpDxAll
MAPT,4137,-0.773,-1.413 to -0.134,7.484,1.8736e-02,9.9993e-01,MSBB,Amygdala,AD-NCI,CpDxAll
MAPT,4137,-0.498,-0.964 to -0.032,7.675,3.6686e-02,9.9993e-01,MSBB,Amygdala,AD-NCI,CpDxAll
MAPT,4137,-0.303,-0.695 to 0.088,6.883,1.2612e-01,9.9993e-01,MSBB,Amygdala,AD-NCI,CpDxAll
MAPT,4137,-0.064,-0.268 to 0.14,10.147,5.3331e-01,9.9993e-01,MSBB,Amygdala,AD-NCI,CpDxAll
MAPT,4137,-0.083,-0.397 to 0.231,8.113,5.9919e-01,9.9993e-01,MSBB,Amygdala,AD-NCI,CpDxAll
MAPT,4137,0.002,-0.167 to 0.17,2.383,9.8265e-01,9.9993e-01,MSBB,Amygdala,AD-NCI,CpDxAll
MAPT,4137,0.157,-0.048 to 0.362,2.383,1.2938e-01,9.0687e-01,MSBB,Amygdala,AD-PC,CpDxAll
MAPT,4137,0.153,-0.229 to 0.535,8.113,4.2572e-01,9.5630e-01,MSBB,Amygdala,AD-PC,CpDxAll
MAPT,4137,0.076,-0.172 to 0.324,10.147,5.4334e-01,9.6783e-01,MSBB,Amygdala,AD-PC,CpDxAll
MAPT,4137,-0.032,-0.599 to 0.534,7.675,9.0922e-01,9.9643e-01,MSBB,Amygdala,AD-PC,CpDxAll
MAPT,4137,-0.041,-0.818 to 0.736,7.484,9.1512e-01,9.9669e-01,MSBB,Amygdala,AD-PC,CpDxAll
MAPT,4137,0.004,-0.472 to 0.479,6.883,9.8824e-01,9.9938e-01,MSBB,Amygdala,AD-PC,CpDxAll
MAPT,4137,-0.96,-1.745 to -0.174,7.484,1.7608e-02,8.7287e-01,MSBB,Amygdala,DNAD-NCI,CpDxAll
MAPT,4137,-0.566,-1.138 to 0.006,7.675,5.2470e-02,9.0631e-01,MSBB,Amygdala,DNAD-NCI,CpDxAll
MAPT,4137,-0.25,-0.731 to 0.231,6.883,3.0222e-01,9.6009e-01,MSBB,Amygdala,DNAD-NCI,CpDxAll
MAPT,4137,-0.084,-0.335 to 0.167,10.147,5.0411e-01,9.7331e-01,MSBB,Amygdala,DNAD-NCI,CpDxAll
MAPT,4137,-0.06,-0.446 to 0.326,8.113,7.5524e-01,9.8851e-01,MSBB,Amygdala,DNAD-NCI,CpDxAll
MAPT,4137,-0.029,-0.236 to 0.178,2.383,7.8246e-01,9.8973e-01,MSBB,Amygdala,DNAD-NCI,CpDxAll
MAPT,4137,-0.732,-1.615 to 0.151,7.484,1.0208e-01,9.9997e-01,MSBB,Amygdala,PC-NCI,CpDxAll
MAPT,4137,-0.466,-1.109 to 0.177,7.675,1.5220e-01,9.9997e-01,MSBB,Amygdala,PC-NCI,CpDxAll
MAPT,4137,-0.155,-0.388 to 0.077,2.383,1.8581e-01,9.9997e-01,MSBB,Amygdala,PC-NCI,CpDxAll
MAPT,4137,-0.307,-0.847 to 0.234,6.883,2.5973e-01,9.9997e-01,MSBB,Amygdala,PC-NCI,CpDxAll
MAPT,4137,-0.236,-0.669 to 0.198,8.113,2.8078e-01,9.9997e-01,MSBB,Amygdala,PC-NCI,CpDxAll
MAPT,4137,-0.139,-0.421 to 0.142,10.147,3.2532e-01,9.9997e-01,MSBB,Amygdala,PC-NCI,CpDxAll
MAPT,4137,-0.129,-0.551 to 0.294,6.865,5.4108e-01,9.9784e-01,MSBB,Amygdala,AD-DNAD,CpDxLow
MAPT,4137,-0.072,-0.394 to 0.25,8.112,6.5157e-01,9.9784e-01,MSBB,Amygdala,AD-DNAD,CpDxLow
MAPT,4137,0.07,-0.698 to 0.839,7.477,8.5388e-01,9.9797e-01,MSBB,Amygdala,AD-DNAD,CpDxLow
MAPT,4137,0.017,-0.169 to 0.202,2.393,8.5662e-01,9.9797e-01,MSBB,Amygdala,AD-DNAD,CpDxLow
MAPT,4137,-0.023,-0.557 to 0.511,7.669,9.3194e-01,9.9797e-01,MSBB,Amygdala,AD-DNAD,CpDxLow
MAPT,4137,0.003,-0.202 to 0.209,10.146,9.7352e-01,9.9985e-01,MSBB,Amygdala,AD-DNAD,CpDxLow
MAPT,4137,-0.589,-1.106 to -0.071,7.669,2.6926e-02,6.9631e-01,MSBB,Amygdala,AD-NCI,CpDxLow
MAPT,4137,-0.889,-1.634 to -0.145,7.477,2.0567e-02,6.8188e-01,MSBB,Amygdala,AD-NCI,CpDxLow
MAPT,4137,-0.378,-0.788 to 0.031,6.865,6.9095e-02,7.6479e-01,MSBB,Amygdala,AD-NCI,CpDxLow
MAPT,4137,-0.133,-0.444 to 0.179,8.112,3.9450e-01,9.2740e-01,MSBB,Amygdala,AD-NCI,CpDxLow
MAPT,4137,-0.081,-0.28 to 0.119,10.146,4.1780e-01,9.3275e-01,MSBB,Amygdala,AD-NCI,CpDxLow
MAPT,4137,-0.012,-0.191 to 0.167,2.393,8.9282e-01,9.9531e-01,MSBB,Amygdala,AD-NCI,CpDxLow
MAPT,4137,0.616,-0.408 to 1.639,6.865,2.3022e-01,9.9992e-01,MSBB,Amygdala,AD-PC,CpDxLow
MAPT,4137,0.246,-0.253 to 0.745,10.146,3.2397e-01,9.9992e-01,MSBB,Amygdala,AD-PC,CpDxLow
MAPT,4137,0.245,-0.535 to 1.025,8.112,5.2810e-01,9.9992e-01,MSBB,Amygdala,AD-PC,CpDxLow
MAPT,4137,0.243,-1.619 to 2.104,7.477,7.9294e-01,9.9992e-01,MSBB,Amygdala,AD-PC,CpDxLow
MAPT,4137,0.121,-1.173 to 1.415,7.669,8.5083e-01,9.9992e-01,MSBB,Amygdala,AD-PC,CpDxLow
MAPT,4137,-0.015,-0.464 to 0.434,2.393,9.4623e-01,9.9992e-01,MSBB,Amygdala,AD-PC,CpDxLow
MAPT,4137,-0.96,-1.786 to -0.133,7.477,2.4060e-02,8.6220e-01,MSBB,Amygdala,DNAD-NCI,CpDxLow
MAPT,4137,-0.566,-1.14 to 0.008,7.669,5.3215e-02,8.7909e-01,MSBB,Amygdala,DNAD-NCI,CpDxLow
MAPT,4137,-0.25,-0.704 to 0.205,6.865,2.7230e-01,9.1972e-01,MSBB,Amygdala,DNAD-NCI,CpDxLow
MAPT,4137,-0.084,-0.305 to 0.137,10.146,4.4649e-01,9.4379e-01,MSBB,Amygdala,DNAD-NCI,CpDxLow
MAPT,4137,-0.06,-0.406 to 0.286,8.112,7.2604e-01,9.7658e-01,MSBB,Amygdala,DNAD-NCI,CpDxLow
MAPT,4137,-0.029,-0.228 to 0.171,2.393,7.7234e-01,9.8067e-01,MSBB,Amygdala,DNAD-NCI,CpDxLow
MAPT,4137,-0.994,-2.031 to 0.043,6.865,5.9722e-02,9.9994e-01,MSBB,Amygdala,PC-NCI,CpDxLow
MAPT,4137,-0.327,-0.832 to 0.179,10.146,1.9832e-01,9.9994e-01,MSBB,Amygdala,PC-NCI,CpDxLow
MAPT,4137,-1.132,-3.018 to 0.754,7.477,2.3134e-01,9.9994e-01,MSBB,Amygdala,PC-NCI,CpDxLow
MAPT,4137,-0.71,-2.021 to 0.602,7.669,2.7962e-01,9.9994e-01,MSBB,Amygdala,PC-NCI,CpDxLow
MAPT,4137,-0.377,-1.168 to 0.413,8.112,3.3903e-01,9.9994e-01,MSBB,Amygdala,PC-NCI,CpDxLow
MAPT,4137,0.003,-0.452 to 0.458,2.393,9.8934e-01,9.9994e-01,MSBB,Amygdala,PC-NCI,CpDxLow
TREM2,54209,0.405,-0.044 to 0.853,3.587,7.5816e-02,9.9979e-01,MSBB,Amygdala,B2-B1,Braak
TREM2,54209,0.029,-0.419 to 0.477,3.587,8.9670e-01,9.9867e-01,MSBB,Amygdala,B3-B1,Braak
TREM2,54209,-0.375,-0.817 to 0.066,3.587,9.3751e-02,5.8024e-01,MSBB,Amygdala,B3-B2,Braak
TREM2,54209,-0.149,-0.538 to 0.24,3.596,4.4722e-01,9.4699e-01,MSBB,Amygdala,AD-NCI,CDR
TREM2,54209,0.064,-0.548 to 0.676,3.596,8.3460e-01,9.9998e-01,MSBB,Amygdala,C1-C0,CERAD
TREM2,54209,-0.072,-0.59 to 0.446,3.596,7.8160e-01,9.9992e-01,MSBB,Amygdala,C2-C0,CERAD
TREM2,54209,0.086,-0.388 to 0.559,3.596,7.1829e-01,9.9993e-01,MSBB,Amygdala,C3-C0,CERAD
TREM2,54209,0.023,-0.497 to 0.544,3.587,9.2826e-01,9.9987e-01,MSBB,Amygdala,AD-DNAD,CpDxAll
TREM2,54209,-0.025,-0.526 to 0.475,3.587,9.1959e-01,9.9993e-01,MSBB,Amygdala,AD-NCI,CpDxAll
TREM2,54209,-0.278,-0.886 to 0.331,3.587,3.6405e-01,9.5022e-01,MSBB,Amygdala,AD-PC,CpDxAll
TREM2,54209,-0.049,-0.664 to 0.566,3.587,8.7417e-01,9.9427e-01,MSBB,Amygdala,DNAD-NCI,CpDxAll
TREM2,54209,0.252,-0.439 to 0.943,3.587,4.6706e-01,9.9997e-01,MSBB,Amygdala,PC-NCI,CpDxAll
TREM2,54209,-0.139,-0.652 to 0.374,3.498,5.8612e-01,9.9784e-01,MSBB,Amygdala,AD-DNAD,CpDxLow
TREM2,54209,-0.188,-0.685 to 0.31,3.498,4.4882e-01,9.3934e-01,MSBB,Amygdala,AD-NCI,CpDxLow
TREM2,54209,-0.515,-1.759 to 0.728,3.498,4.0614e-01,9.9992e-01,MSBB,Amygdala,AD-PC,CpDxLow
TREM2,54209,-0.049,-0.601 to 0.503,3.498,8.5881e-01,9.8939e-01,MSBB,Amygdala,DNAD-NCI,CpDxLow
TREM2,54209,0.328,-0.932 to 1.587,3.498,6.0123e-01,9.9994e-01,MSBB,Amygdala,PC-NCI,CpDxLow
